PERSON_ID,AAR,KJONN,FODSELSAAR,ALDER,KOMMUNENR,NUS2000,SYSSELSATT,TRYGD,INNTEKT
10184694,2020,2,1961,59,5434,10,0,0,160275
10184694,2022,2,1961,61,5434,20,0,1,124782
10251894,2020,1,1942,78,3969,10,0,1,54308
10424541,2020,2,1967,53,4997,70,1,0,702584
10427630,2020,2,1980,40,1142,10,0,0,79178
10469051,2021,1,1963,58,3194,10,1,1,156978
10606738,2023,1,1959,64,1205,10,1,0,409735
10740750,2019,2,2002,17,2944,10,0,1,62604
10808227,2022,1,1969,53,3425,10,1,0,364011
10815331,2019,1,1987,32,2798,10,1,0,739858
10967281,2020,1,1947,73,4219,60,0,1,278783
11165745,2022,2,1961,61,5328,60,1,0,496534
11259890,2021,1,1939,82,1966,10,0,0,167757
11428856,2020,1,1968,52,2557,10,1,0,334382
11428856,2021,1,1968,53,2557,70,1,0,1016026
11452782,2021,1,1958,63,4514,60,0,0,123707
11677643,2022,2,1981,41,2852,60,1,0,585968
11691746,2020,1,1951,69,2987,10,1,0,219828
11728864,2022,1,1963,59,4280,70,1,0,1654121
11781483,2022,1,1977,45,2700,70,1,0,253775
11858139,2022,2,1980,42,5414,70,1,0,293543
11866735,2019,1,1953,66,4668,10,1,1,216848
11917222,2023,2,1958,65,3668,20,1,0,709501
12011024,2019,2,1944,75,1189,20,1,0,509528
12368473,2021,1,1976,45,1360,10,1,1,133505
12404273,2020,1,1992,28,4439,60,0,0,186224
12412142,2021,2,1980,41,5697,70,1,0,389918
12465276,2019,1,1985,34,3834,70,1,0,504514
12465276,2019,1,1985,34,3834,20,1,0,353364
12471377,2023,1,1955,68,1568,70,1,0,1082001
12541869,2023,1,1979,44,3991,10,1,0,319082
12585422,2022,1,1953,69,4657,10,1,1,166789
12585422,2022,1,1953,69,4657,10,0,1,64449
12607381,2022,1,1986,36,1744,70,1,0,209480
12903814,2019,2,1989,30,2724,10,0,0,66473
13211937,2020,2,1946,74,4128,10,0,1,89654
13333059,2022,2,1945,77,2651,20,1,0,710473
13356477,2021,2,1933,88,2419,20,1,0,369002
13582580,2023,2,1944,79,1774,10,1,0,237957
13705252,2023,2,1938,85,4330,10,0,0,196233
13963312,2019,2,1971,48,5196,10,0,0,94668
14066571,2020,2,1932,88,4140,20,1,1,603323
14327575,2021,2,1983,38,2427,70,1,0,299289
14431385,2020,2,1962,58,4888,10,1,0,204818
14818034,2019,1,1979,40,1092,10,1,0,492204
14850424,2023,2,1974,49,4088,10,1,0,395346
14890383,2020,2,1958,62,5544,70,1,0,837138
14902044,2019,1,1954,65,3397,10,1,0,431268
15699482,2020,1,1991,29,5398,70,0,0,177454
15722255,2023,2,1959,64,1652,10,0,0,235889
15745542,2019,1,1966,53,1020,70,1,0,973639
16335406,2019,2,2007,12,1819,20,0,0,45608
16403628,2020,1,1940,80,2609,10,0,1,147699
16422152,2021,2,1970,51,1465,10,0,1,37729
16755143,2019,2,1973,46,2364,10,1,0,637147
16945495,2022,2,1988,34,4841,10,1,1,222155
17020695,2022,2,2001,21,1792,70,1,0,318306
17234879,2019,1,1958,61,2701,70,0,0,326136
17461601,2019,2,1964,55,2967,20,0,0,282701
17472359,2022,2,1978,44,2276,10,0,0,62320
17556896,2021,1,1956,65,3418,60,1,0,541869
17653799,2023,1,1964,59,1995,20,1,0,673932
17744589,2021,1,1928,93,3736,70,1,1,537765
17772085,2020,1,1992,28,3689,60,1,0,436594
17862818,2019,2,1962,57,2150,70,1,0,355391
17978943,2019,1,2006,13,3951,70,1,0,282712
17978943,2020,1,2006,14,3951,20,1,0,495292
18095315,2023,1,1954,69,2070,10,0,0,146793
18208731,2019,2,2006,13,2675,10,0,0,65726
18226057,2019,1,1938,81,2690,10,1,0,365507
18239846,2022,2,1982,40,2692,10,1,0,259865
18368863,2021,1,1932,89,3836,10,0,1,95613
18419237,2019,1,1968,51,2376,10,1,0,322660
18460000,2019,1,1972,47,1164,70,1,0,910660
18471310,2020,1,1947,73,2199,70,1,0,1142673
18475609,2023,1,1943,80,1711,60,1,0,451611
18490893,2022,2,1972,50,5654,60,1,0,708577
18618771,2019,2,1971,48,3089,10,1,0,281282
18618771,2021,2,1971,50,3089,10,1,0,403778
18692362,2021,1,1985,36,3455,70,1,0,714813
18692362,2023,1,1985,38,3455,70,0,0,235614
18742174,2020,1,1967,53,1628,20,1,0,576166
18927632,2019,1,1961,58,3302,20,1,0,641807
18974328,2022,1,1950,72,1881,10,0,0,87963
19121464,2020,2,1965,55,2048,70,1,0,1428150
19126025,2023,1,1980,43,3414,10,1,0,369289
19512510,2021,1,1979,42,3070,60,0,1,152847
19536917,2020,2,1977,43,3407,10,1,0,690922
19555870,2023,1,1968,55,1275,70,1,1,602991
19746041,2020,2,1946,74,2154,70,1,0,1741005
19785120,2023,2,1953,70,1583,10,1,1,275685
19832846,2019,2,1946,73,5339,10,1,1,377774
19909113,2023,1,2001,22,2295,60,1,0,238638
20156084,2019,1,1970,49,2137,70,1,0,750912
20260918,2022,1,1943,79,3664,20,1,0,167212
20263242,2022,1,1941,81,1093,70,1,0,827041
20470972,2021,2,1942,79,4778,20,1,0,615568
20539978,2023,1,1991,32,5664,70,1,0,580835
20545172,2023,2,1969,54,2519,10,0,0,126702
20567653,2021,2,1998,23,3034,10,0,0,94488
20603165,2022,1,1963,59,1528,70,1,0,764600
20651006,2023,1,1975,48,2041,10,1,0,269909
20699283,2019,2,1967,52,1303,10,1,0,371779
20702873,2019,2,1956,63,2410,20,1,0,510746
21193655,2019,2,1947,72,2886,10,1,0,382471
21219268,2021,1,1930,91,3699,60,1,0,478209
21219268,2023,1,1930,93,3699,10,0,1,142714
21281967,2023,2,1986,37,1264,20,1,0,269917
21327115,2021,2,1961,60,3718,20,1,0,838998
21748701,2020,2,1990,30,3176,60,1,0,415986
21923186,2023,1,1953,70,3428,20,0,0,222442
21980406,2020,1,1983,37,2440,20,1,0,259118
21980406,2022,1,1983,39,2440,10,1,1,168441
22104181,2019,1,1969,50,3009,20,1,1,408393
22215052,2022,1,1965,57,2555,20,1,0,500223
22288422,2020,2,1956,64,2303,10,1,1,272907
22320460,2021,2,1986,35,2206,10,0,1,65225
22540087,2022,1,1983,39,2132,70,1,0,1353271
22633179,2020,2,1986,34,5194,60,1,0,1310715
22998853,2023,1,1965,58,3818,10,0,1,95745
23065979,2020,1,2008,12,5398,60,1,0,161939
23065979,2020,1,2008,12,5398,20,0,0,47168
23284605,2020,2,1989,31,5490,10,1,0,476641
23284605,2021,2,1989,32,5490,10,1,0,364711
23284605,2022,2,1989,33,5490,70,1,0,666832
23416824,2020,2,1985,35,3428,10,0,1,62231
23598164,2021,2,1941,80,4024,10,1,1,350943
23771578,2019,2,1967,52,3219,70,1,0,602597
24027253,2019,2,1984,35,5653,10,1,0,178161
24102839,2022,2,1956,66,1052,10,0,1,149183
24133151,2022,1,1975,47,2812,60,1,0,688099
24136748,2020,2,1967,53,3098,10,1,0,810716
24226244,2022,1,1964,58,3415,10,0,0,212136
24274748,2022,2,1955,67,5002,60,1,0,1380026
24364978,2022,1,1946,76,5547,20,1,0,877646
24422830,2023,1,1979,44,3502,10,1,0,237732
24455318,2023,1,1985,38,1107,20,0,1,116666
24456417,2020,2,1970,50,3917,10,1,0,660579
24505555,2019,1,1948,71,2786,60,1,1,314246
24534490,2023,1,1979,44,3499,20,1,0,622416
24672978,2019,1,1992,27,3541,10,1,0,352572
24683748,2019,1,1977,42,4791,70,1,0,374971
24819170,2023,2,1958,65,4605,10,1,1,197150
24857950,2019,1,1970,49,1264,70,1,1,523485
24966663,2019,1,2000,19,1905,10,0,0,44345
25006801,2022,1,1973,49,3632,70,1,0,1371283
25065100,2022,2,1971,51,1614,70,1,0,480954
25139248,2021,2,1964,57,2818,70,1,0,504630
25590194,2020,2,1957,63,5061,70,1,0,834548
25609519,2019,2,1927,92,1831,10,0,0,119074
25638418,2019,2,1979,40,4986,20,1,0,334183
25838416,2023,1,1977,46,1098,20,1,0,425091
25855510,2020,1,1953,67,2141,70,1,0,805857
25886292,2019,2,1959,60,2508,10,1,0,263952
26166395,2021,2,1956,65,2402,20,1,0,893712
26168982,2021,1,1998,23,2770,20,1,0,393888
26192386,2021,2,1991,30,5062,20,1,0,340630
26282286,2020,2,1948,72,3221,20,1,0,579432
26422234,2022,1,1938,84,3247,60,1,0,341572
26598041,2023,2,1967,56,3698,60,1,1,584299
26826954,2021,2,1997,24,1371,20,1,0,307334
26872901,2019,1,1936,83,3954,10,1,0,378697
26874388,2019,1,1956,63,2350,10,1,1,352130
26939273,2019,1,1975,44,3449,70,1,0,1011046
26939273,2022,1,1975,47,3449,10,0,0,188038
26955724,2021,1,1969,52,3950,10,0,0,110612
27145618,2021,2,1994,27,4695,70,1,0,317752
27495864,2019,2,1935,84,4454,10,0,1,69627
27696423,2020,2,1978,42,1203,10,0,0,90685
27953000,2021,1,2004,17,3376,60,1,0,297782
27968016,2022,2,1972,50,4539,10,1,0,483081
28068312,2020,1,1931,89,4606,70,1,1,503001
28236949,2019,1,1938,81,5177,10,0,0,175150
28259428,2020,1,1968,52,4136,10,0,0,120289
28443209,2023,1,1982,41,3740,10,1,0,592253
28855675,2021,1,1980,41,5356,70,1,1,192369
28964628,2022,1,1969,53,2895,20,1,0,610029
29011787,2022,1,1967,55,1372,60,0,1,78660
29066682,2023,1,1975,48,3614,70,1,0,889953
29256347,2023,2,1969,54,1594,70,1,0,682721
29265237,2021,1,1991,30,4770,10,1,0,244141
29276532,2022,2,1977,45,5624,70,1,0,463218
29555724,2021,1,1983,38,5271,20,1,0,424826
29582956,2021,2,1968,53,5370,60,1,0,551021
29672295,2020,1,1952,68,4459,70,1,0,876740
29672295,2021,1,1952,69,4459,20,1,0,327868
29672295,2021,1,1952,69,4459,10,1,0,470327
29672295,2022,1,1952,70,4459,60,1,0,1075557
29672764,2019,1,1969,50,4755,70,1,0,1431776
29701763,2020,2,1967,53,1026,10,1,0,261128
29707814,2021,2,1972,49,4274,60,1,0,575845
29781304,2020,2,1964,56,4192,10,1,0,331758
29781304,2022,2,1964,58,4192,10,0,0,338264
29862146,2020,1,1959,61,4088,10,0,0,201442
29877094,2021,2,1963,58,2324,10,1,0,173295
29982798,2023,1,1989,34,4962,10,0,0,146065
30047239,2021,2,1970,51,4214,10,1,1,165020
30253987,2020,2,1972,48,1471,20,1,0,1064652
30357500,2019,1,1944,75,1434,10,0,0,252272
30399731,2021,2,1963,58,4156,20,1,0,346241
30595464,2019,1,1952,67,2475,20,1,1,302826
30623940,2022,2,1953,69,3737,10,1,0,614080
30631241,2021,2,1988,33,5007,20,0,1,42724
30754351,2022,2,1984,38,4914,20,1,0,323814
30851223,2022,2,1982,40,4380,60,0,0,139515
31065296,2023,2,1943,80,4033,10,1,0,571050
31183472,2022,1,1979,43,3307,70,1,0,480010
31264504,2023,2,1955,68,5686,70,1,1,439562
31500082,2022,1,2003,19,1339,70,1,0,221075
31508558,2020,2,1959,61,1273,10,0,1,76457
31561329,2019,2,1970,49,4293,20,1,1,230228
31659583,2021,1,1991,30,2715,10,1,1,372544
31673635,2019,1,1983,36,3858,70,1,0,384646
31673635,2023,1,1983,40,3858,70,1,0,626070
31873833,2023,1,1938,85,4547,10,1,1,233107
31930273,2021,2,1971,50,4313,70,1,0,742228
31986083,2021,2,1968,53,2913,70,1,0,2356767
32122522,2022,2,1973,49,5321,70,1,0,530699
32248169,2022,2,1953,69,3330,60,0,0,263790
32342517,2022,2,1943,79,3387,10,1,1,358567
32658732,2019,1,1986,33,3194,60,1,0,702330
32723642,2019,1,1951,68,4028,60,1,0,788699
32809488,2019,2,1948,71,2528,70,1,1,355495
33027906,2020,1,1963,57,3600,60,1,0,669069
33044689,2023,2,1962,61,3522,10,1,0,468896
33153868,2019,2,1982,37,2432,70,1,0,823099
33159639,2020,1,1964,56,1586,70,0,0,130922
33159639,2020,1,1964,56,1586,10,1,0,241399
33166256,2020,2,1954,66,2316,60,1,0,811038
33181821,2021,1,1940,81,3488,10,1,1,247887
33181821,2022,1,1940,82,3488,70,1,1,298479
33187897,2022,2,1952,70,5480,10,1,0,889263
33187897,2023,2,1952,71,5480,10,1,0,427837
33272070,2022,1,1939,83,3143,70,1,0,767464
33344986,2023,2,1946,77,5188,10,0,1,88008
33530707,2020,1,1978,42,4009,60,1,0,791951
33580971,2019,2,1967,52,5096,70,1,0,807817
33681692,2021,2,1965,56,3290,10,1,1,351279
33721456,2021,2,1985,36,3676,10,0,1,49082
33749307,2022,1,1945,77,3822,20,1,0,737295
33914385,2019,2,1998,21,2131,60,1,0,458183
34074521,2023,2,1957,66,4675,70,1,0,791822
34106179,2020,2,1987,33,2896,20,1,1,202308
34111779,2022,2,1938,84,5396,60,0,0,292070
34164654,2023,1,1956,67,1535,20,1,1,418399
34289525,2023,2,1980,43,5447,70,1,0,764065
34463496,2021,2,1955,66,3870,20,1,1,333608
34644726,2022,1,1962,60,3320,70,1,0,968548
34666045,2020,2,1948,72,3692,70,1,0,639228
34666045,2021,2,1948,73,3692,10,0,1,73562
34753615,2023,1,1978,45,1294,10,0,0,76933
34794987,2021,2,1967,54,2898,10,0,0,241491
34851642,2021,1,1950,71,2471,70,1,0,647620
35636030,2019,2,2010,9,1220,60,1,1,45834
35638363,2022,1,1968,54,2792,10,1,1,318975
35654288,2019,2,1950,69,4107,70,1,0,438597
35695705,2022,2,1957,65,4011,70,1,0,1320311
35721649,2023,2,1970,53,1978,60,0,0,287166
35989351,2021,2,1951,70,3151,10,1,1,490512
36031109,2022,1,1941,81,5515,70,1,0,483810
36097044,2021,1,1992,29,4260,10,1,0,348705
36097044,2023,1,1992,31,4260,10,0,0,133189
36157088,2021,2,1967,54,2764,20,1,0,985593
36233647,2023,2,1953,70,1403,70,1,0,466651
36295733,2022,2,1943,79,3480,70,1,0,682761
36295733,2023,2,1943,80,3480,70,1,0,958124
36382749,2023,1,1991,32,5418,10,1,0,423486
36523957,2021,1,1958,63,3418,20,1,0,627376
36579684,2019,1,1963,56,3275,20,0,1,199323
36646030,2023,2,1986,37,2566,10,1,0,468798
36789827,2021,1,1980,41,5458,20,1,0,658365
36803394,2019,1,1979,40,3517,20,1,1,122814
36902544,2021,2,1990,31,3353,70,1,0,476470
36902544,2022,2,1990,32,3353,20,0,0,175715
37121721,2023,1,1969,54,5699,10,1,0,727931
37136511,2020,2,2003,17,4861,10,1,0,158855
37169584,2020,2,1964,56,3843,20,1,0,478290
37178511,2020,2,1999,21,3746,70,0,0,101254
37717103,2020,1,1945,75,4927,10,1,0,786575
37718118,2022,2,2007,15,1198,70,1,0,327783
37813180,2019,1,1950,69,3341,70,1,0,1143309
37813180,2023,1,1950,73,3341,10,1,1,173425
37813770,2019,2,1994,25,5419,70,1,0,644151
37846109,2022,1,1973,49,1430,70,1,0,537944
37861515,2021,1,1962,59,3622,10,0,0,153458
37973387,2019,1,2000,19,1468,20,0,1,43606
38095666,2022,2,1967,55,2092,60,0,0,170756
38130094,2023,1,1966,57,2991,10,1,0,284024
38154145,2019,1,1987,32,1191,20,1,0,272179
38169485,2019,2,1948,71,4387,60,0,0,367476
38386249,2023,2,1963,60,3963,60,1,0,1031810
38627280,2019,2,1969,50,5099,70,1,0,725626
38799077,2020,2,1970,50,2421,10,1,0,413172
38927130,2023,1,1927,96,3587,60,0,0,191661
39309790,2020,1,1984,36,2034,70,1,0,627733
39326366,2023,1,1963,60,3492,70,1,0,386169
39467319,2020,1,1959,61,3231,10,1,0,267947
39681790,2021,2,1956,65,2168,20,1,0,364491
39690998,2020,1,1984,36,1917,10,1,0,506471
39699037,2019,1,1983,36,4759,10,1,0,332608
39806599,2021,2,1976,45,3412,70,1,0,997447
40138672,2020,2,1941,79,3128,70,1,1,334033
40159503,2019,2,1965,54,1938,10,1,0,531729
40355465,2020,1,1983,37,3863,70,1,0,376962
40593941,2021,1,1973,48,5640,70,1,0,534091
40665465,2022,2,1964,58,1802,10,0,0,124440
40715391,2019,1,1950,69,2763,10,0,0,146817
40735954,2020,1,1949,71,4407,70,1,0,988141
40735954,2023,1,1949,74,4407,10,1,1,212967
40805466,2021,2,1979,42,2904,60,1,0,387661
41125632,2019,1,1988,31,4811,10,1,0,429749
41318789,2023,2,1984,39,3447,10,0,0,224376
41461402,2019,1,1955,64,3688,60,1,0,428512
41607487,2021,1,1987,34,2042,20,0,1,38075
41622558,2022,2,1949,73,3848,70,1,0,1020845
41753737,2022,1,2001,21,5456,10,0,0,137894
41753737,2022,1,2001,21,5456,70,1,0,503742
41882666,2019,1,2000,19,5483,70,1,0,688642
41898962,2019,2,2010,9,4166,10,1,0,143128
41898962,2019,2,2010,9,4166,70,1,0,224040
41898962,2022,2,2010,12,4166,60,1,0,282886
42177300,2022,2,1994,28,1436,20,1,0,140909
42215917,2023,1,1949,74,4442,10,1,1,182385
42229619,2021,2,1972,49,5133,70,1,0,1024764
42250019,2021,2,2007,14,5497,70,1,0,349098
42584960,2022,1,1956,66,4972,10,0,1,66813
42745935,2023,1,1964,59,1950,70,1,0,707830
42808649,2019,1,1983,36,2554,70,1,0,391859
43012117,2023,2,1954,69,5109,10,1,0,368116
43113940,2023,2,1937,86,4179,10,1,1,246113
43123424,2021,1,1959,62,4609,10,1,0,642996
43147876,2019,1,1948,71,3714,10,1,0,338362
43202314,2020,1,1957,63,2145,10,1,0,400263
43262614,2023,2,1969,54,5669,10,1,0,177294
43345934,2021,1,1997,24,3247,10,1,0,279518
43352904,2021,1,1942,79,1799,70,1,0,713654
43360952,2019,2,1978,41,3683,10,1,0,459039
43408567,2022,1,1986,36,4793,10,1,0,399761
43434677,2020,1,1934,86,1695,10,0,0,216312
43434677,2022,1,1934,88,1695,60,1,1,259618
43494282,2021,1,1991,30,4473,20,1,0,267497
43619844,2022,1,1981,41,4619,10,0,0,75364
43620735,2022,1,2006,16,2590,60,1,0,418753
43656046,2019,1,1966,53,4889,70,1,0,1153056
43822839,2022,1,1999,23,5121,70,1,0,235233
43840419,2020,1,1954,66,1873,60,1,0,441625
43888039,2019,1,1990,29,2109,70,0,0,228633
43888039,2021,1,1990,31,2109,10,0,0,63971
43888039,2022,1,1990,32,2109,60,1,0,578682
44406762,2022,1,1929,93,1374,10,1,0,880853
44491884,2020,2,1947,73,5219,10,0,1,71252
44565384,2023,1,1955,68,4965,20,1,0,679264
44704886,2020,1,1967,53,3204,70,1,0,984362
44709840,2022,2,1975,47,5068,70,1,0,649218
44779863,2020,1,1962,58,2547,20,1,0,872244
44878340,2022,2,1977,45,1577,70,1,0,902900
44932487,2022,1,1978,44,3219,10,0,0,82501
44935267,2019,1,1957,62,4976,10,1,0,333127
45069322,2023,2,1929,94,1842,10,1,0,556805
45166940,2019,1,1966,53,1343,10,0,0,284579
45202710,2020,1,1961,59,2555,70,1,0,631061
45276379,2021,1,1978,43,4232,20,1,0,720713
45407402,2020,2,1992,28,2490,20,0,0,104550
45412196,2020,1,1955,65,2214,10,1,0,424266
45470931,2019,2,1937,82,3885,10,1,0,197382
45470931,2019,2,1937,82,3885,10,1,0,203820
45470931,2023,2,1937,86,3885,10,0,0,119115
45620743,2023,1,1969,54,1281,10,0,0,327360
45639483,2019,1,1940,79,2845,70,1,1,334919
45702018,2021,2,1960,61,1245,10,1,1,446331
45721377,2020,2,1973,47,3721,60,1,0,371377
45773012,2022,2,1989,33,1252,70,1,0,279570
45858370,2022,1,1974,48,4776,70,1,1,252982
46082611,2019,1,1959,60,4832,10,1,0,217751
46107482,2020,2,1978,42,2646,10,1,0,375787
46123555,2022,1,1960,62,3183,70,1,0,959207
46195740,2023,1,1982,41,3463,10,1,0,392492
46261491,2022,2,1974,48,4495,10,1,0,339952
46302579,2019,2,2003,16,5004,70,1,0,271617
46343519,2020,2,1957,63,3456,10,0,1,66798
46355710,2022,1,1990,32,3945,10,1,0,157813
46391018,2023,2,1958,65,4924,10,1,1,189405
46493658,2019,2,1994,25,5011,20,1,0,233460
46659577,2019,1,1955,64,4796,70,1,1,432247
46659577,2022,1,1955,67,4796,70,1,0,1624202
46775825,2023,2,1949,74,3627,70,1,1,489034
46818963,2023,2,1982,41,3038,10,0,0,91013
46857260,2022,2,1954,68,1230,10,0,1,32079
46937110,2021,1,1940,81,3682,10,1,1,378101
47276807,2021,1,1976,45,3390,70,1,0,479531
47493413,2021,2,1945,76,2047,10,1,0,587491
47679273,2023,1,1972,51,5643,60,0,0,102510
47927986,2022,1,1993,29,2308,20,1,0,397178
48175140,2021,1,1945,76,4390,10,1,1,146529
48180105,2021,2,1969,52,2081,70,0,0,336733
48196598,2020,1,1958,62,2099,10,1,0,549345
48196598,2021,1,1958,63,2099,10,1,0,405412
48196598,2022,1,1958,64,2099,70,1,0,1463506
48210446,2022,2,1957,65,4633,10,1,0,445164
48211741,2022,1,1960,62,4940,10,1,0,655706
48234731,2021,2,1941,80,4435,10,1,1,127148
48307790,2022,1,1948,74,4477,70,1,0,1343495
48307790,2022,1,1948,74,4477,70,1,0,748917
48375572,2023,2,1960,63,2239,10,1,1,191117
48387385,2021,1,1979,42,3718,10,1,0,473549
48539951,2023,1,1972,51,3470,70,1,1,266729
48581994,2019,2,2003,16,2301,10,0,0,44994
49184533,2021,1,1997,24,4746,70,1,1,229294
49492534,2021,2,1975,46,2223,70,1,1,258412
49647614,2020,1,1985,35,1633,10,0,0,184438
49647682,2019,1,1981,38,1219,10,1,0,243621
49751507,2019,1,1964,55,3682,60,1,0,803257
49833587,2020,2,1959,61,3343,70,1,0,801702
49833587,2022,2,1959,63,3343,10,1,0,459000
50059901,2023,1,1988,35,5627,60,1,0,651521
50200602,2022,1,1988,34,4242,20,1,0,418371
50332935,2020,1,1941,79,4829,10,1,0,735263
50459958,2021,2,1949,72,2630,10,1,0,553705
50595404,2020,1,1987,33,2976,10,1,0,435330
50652452,2021,2,1958,63,1909,20,1,0,665522
50713224,2020,1,1950,70,5312,60,1,1,240065
51006758,2020,2,1969,51,2367,20,1,0,518288
51016730,2019,2,1967,52,5044,10,1,0,395882
51017080,2023,2,1955,68,1662,10,0,1,69931
51048967,2021,1,1938,83,4928,10,0,1,106213
51168432,2020,1,1927,93,2858,10,1,1,263389
51210158,2020,1,1980,40,1960,70,1,0,1718056
51356599,2021,2,1971,50,5382,10,1,0,371485
51357582,2019,2,1968,51,2528,20,1,0,328141
51512235,2022,1,1972,50,2246,60,1,0,1157924
51846373,2019,1,1970,49,1795,60,1,0,545589
52288880,2020,1,1986,34,3652,70,0,0,240603
52457381,2020,2,1982,38,2609,70,1,1,397238
52457381,2020,2,1982,38,2609,70,0,0,405513
52459168,2023,2,1980,43,4604,10,0,1,164955
52502585,2020,1,1961,59,2963,60,1,0,413058
52505786,2019,1,1938,81,1870,70,1,0,876871
52545489,2020,1,1979,41,1611,10,1,0,324816
52606809,2022,1,1997,25,4904,60,1,0,323097
52658227,2023,1,1982,41,1425,10,1,0,407132
52787800,2020,2,1946,74,5641,70,1,0,356018
52917762,2019,1,1973,46,4373,10,1,0,283475
52923775,2022,2,1970,52,1306,10,0,0,122044
52923775,2022,2,1970,52,1306,60,1,0,585059
52994879,2021,2,1997,24,4168,10,0,1,48845
53000531,2019,2,1948,71,2078,10,1,0,566238
53012803,2023,2,1985,38,3934,10,1,0,217025
53145646,2022,2,1999,23,4799,70,1,0,345886
53145646,2022,2,1999,23,4799,70,1,0,485291
53145646,2023,2,1999,24,4799,60,1,0,920092
53184862,2022,1,1990,32,5308,70,1,1,375606
53336738,2023,2,2008,15,3074,70,1,0,361275
53387429,2019,2,1950,69,1016,10,1,0,143440
53663086,2021,1,1994,27,3849,10,0,0,85847
53741707,2022,2,1976,46,5596,70,1,0,352151
53758496,2020,1,1983,37,3807,70,1,0,888053
54342040,2023,2,1959,64,4452,10,0,0,36989
54364028,2021,1,1969,52,2063,10,1,0,459095
54420303,2019,2,1977,42,2533,60,1,0,348809
54434848,2022,1,1987,35,5623,20,1,0,345995
54475368,2021,1,1958,63,3074,70,1,0,534766
54663135,2019,1,1958,61,1487,70,1,1,520194
54814708,2019,1,1964,55,2143,60,0,0,302350
54894377,2021,1,1977,44,4441,10,1,1,226832
54917126,2021,1,2004,17,2652,60,1,0,498989
54971642,2021,2,1965,56,3075,10,1,1,419349
55394578,2020,1,1946,74,3371,20,1,0,480183
55419429,2023,1,1970,53,5547,20,1,0,532528
55433343,2021,1,1966,55,5375,10,1,1,253049
55505874,2021,1,1975,46,3880,70,1,0,1122837
55505874,2021,1,1975,46,3880,60,1,0,330057
55676635,2022,1,1972,50,3466,70,0,0,299960
55758910,2023,2,1992,31,1896,10,1,1,144543
55769299,2020,2,1969,51,1528,10,1,0,293884
55772835,2022,2,1954,68,5517,70,1,0,881065
55942790,2022,1,1940,82,5369,20,1,0,1234503
55947552,2019,2,1949,70,5315,70,1,0,475480
56190953,2023,2,1992,31,2240,10,1,0,98234
56316806,2022,2,1952,70,5147,70,1,0,741384
56367441,2020,1,1953,67,2412,10,1,1,208881
56486666,2021,2,1970,51,1848,20,1,0,453199
56725056,2020,1,1965,55,3384,70,1,0,620354
56799234,2020,2,1957,63,5169,20,1,0,592833
56860199,2019,1,1958,61,3912,10,1,1,360879
56939844,2023,1,1961,62,5674,60,1,1,471308
57001631,2023,1,1989,34,1968,10,1,0,397195
57008778,2021,2,1967,54,4551,20,1,0,336023
57008778,2023,2,1967,56,4551,70,1,0,577921
57119584,2022,1,1965,57,1338,70,1,0,929535
57185900,2020,2,1978,42,3833,60,1,0,384613
57655094,2020,1,1952,68,1275,10,1,1,126366
57882090,2023,1,1969,54,5666,20,1,0,438806
57911175,2019,2,1980,39,5213,70,1,0,417267
58123432,2020,2,1957,63,1599,70,1,0,513316
58267270,2020,1,1962,58,3538,10,1,0,241865
58471491,2022,2,1990,32,5664,10,1,0,403886
58495923,2020,1,1956,64,5587,70,1,0,946399
58519583,2021,2,1947,74,3151,10,1,1,278462
58572794,2019,2,1971,48,1594,60,1,0,590427
58572794,2023,2,1971,52,1594,60,1,0,401541
58692728,2020,2,1961,59,2318,70,1,0,599981
58697302,2023,1,2008,15,3793,70,1,0,325119
58750112,2023,1,1956,67,1846,20,1,0,403667
58825945,2021,2,1941,80,1434,70,1,0,546748
58837254,2023,1,1940,83,4116,70,1,0,712092
58993561,2020,2,1989,31,5643,60,1,1,142276
59111689,2022,2,1979,43,1506,70,0,0,135419
59147713,2021,2,1970,51,2342,20,1,1,527837
59173346,2019,1,1952,67,2984,10,1,0,513122
59300010,2020,2,1953,67,1915,10,1,0,399110
59300010,2022,2,1953,69,1915,70,0,1,91117
59527379,2019,2,1972,47,2273,10,0,0,84683
59532765,2022,1,1972,50,5316,10,1,0,712034
59532765,2022,1,1972,50,5316,10,0,0,42825
59571743,2020,2,1982,38,1818,10,0,1,75256
59609782,2022,1,1987,35,2578,70,1,0,279181
59714190,2021,1,1973,48,4514,10,1,0,609361
59988370,2019,2,1992,27,2344,10,1,1,286635
60091087,2019,1,1935,84,4862,10,1,0,659065
60139923,2023,2,1972,51,1012,10,0,1,83905
60168678,2023,1,1967,56,2019,10,1,0,355316
60263557,2022,2,1997,25,4982,60,1,0,392865
60324855,2019,2,1990,29,2467,60,0,0,168611
60332616,2022,2,1977,45,2994,60,1,0,304638
60396861,2023,2,1956,67,4530,10,0,0,80154
60650371,2021,2,1952,69,4380,70,0,0,313631
60730409,2021,2,1975,46,2863,70,1,0,881387
60760905,2019,2,1960,59,4384,70,1,0,956485
60798962,2020,1,1986,34,5280,70,1,1,162919
60802210,2021,2,2001,20,1593,70,1,0,199716
60809956,2021,2,1984,37,1608,10,0,0,144181
60835256,2020,1,1945,75,1115,10,0,1,168077
60843838,2022,1,1971,51,1420,10,1,0,932146
60848296,2020,1,1956,64,3662,70,1,0,511181
60888478,2022,1,1948,74,3921,10,0,0,230130
60920126,2022,2,1967,55,4764,10,1,0,321424
60923070,2020,1,1938,82,1540,60,1,0,609982
60937824,2020,2,1977,43,5458,20,1,0,232765
60958270,2023,2,1983,40,4634,20,1,0,356079
61004617,2020,2,1973,47,4656,70,0,0,154058
61025904,2021,2,1969,52,1695,20,1,1,205135
61028213,2019,2,1960,59,3105,10,1,0,170893
61033631,2023,1,1978,45,1006,20,1,0,541992
61052365,2021,2,1976,45,5513,60,1,0,1348737
61056837,2022,1,1988,34,5254,10,0,0,150721
61087539,2020,1,1977,43,4614,70,1,0,562613
61121330,2022,1,1938,84,5199,10,1,1,411672
61188338,2021,2,1928,93,4506,70,1,1,463755
61200906,2020,1,1969,51,4450,60,1,0,688330
61224951,2021,2,1971,50,1271,70,1,0,575216
61234145,2019,2,1945,74,5663,10,1,0,205585
61252450,2019,2,1927,92,5591,70,1,1,736380
61386383,2022,1,1988,34,1631,70,1,0,284343
61438634,2022,1,2005,17,5653,70,1,0,449314
61540814,2022,1,1982,40,1386,10,1,0,163814
61554045,2023,1,1973,50,3770,20,1,0,642236
61626986,2019,2,1964,55,4358,20,1,0,425958
61642894,2022,2,1976,46,4626,10,0,0,188968
61660799,2023,1,1982,41,1009,70,1,0,452361
61723005,2019,1,1966,53,1882,70,1,0,1026255
61724234,2020,2,1972,48,2778,70,1,0,576436
61885522,2021,2,1973,48,5157,10,0,0,120683
61892437,2023,1,1952,71,1472,70,1,1,409076
61919731,2019,1,1965,54,2124,70,0,0,309932
62010526,2022,1,1998,24,1792,60,0,0,219555
62017130,2020,2,1976,44,3821,10,1,0,495753
62017394,2021,1,1974,47,4609,70,1,1,369652
62121878,2023,2,1933,90,4897,10,0,1,77400
62219915,2022,1,1933,89,1063,10,0,1,91235
62231431,2019,2,1980,39,2654,70,1,0,517517
62266589,2023,1,1987,36,4344,20,1,0,363925
62273909,2019,1,1948,71,3596,10,1,1,242433
62273909,2019,1,1948,71,3596,10,1,0,405225
62278113,2023,1,1953,70,2422,10,0,0,62624
62298010,2022,2,1942,80,5144,70,1,0,507114
62384090,2022,2,1947,75,1421,70,1,0,1060187
62401625,2022,2,1927,95,1819,10,1,1,203211
62436361,2019,2,1975,44,2143,60,1,0,549799
62436361,2020,2,1975,45,2143,10,1,0,200409
62448577,2023,1,1985,38,4564,70,1,0,496373
62465972,2023,2,2005,18,2910,70,1,0,300584
62485664,2023,2,1946,77,2953,10,0,0,189960
62487537,2020,1,1970,50,2838,60,1,1,357925
62487802,2022,1,1989,33,5490,20,1,0,353370
62497875,2019,1,1954,65,2036,70,1,0,685956
62593194,2022,1,1942,80,3805,10,1,0,635657
62668462,2020,2,1979,41,1406,10,1,0,196714
62717030,2021,2,1968,53,3914,70,1,1,628226
62805559,2021,1,1964,57,2819,10,1,1,387269
62818318,2021,2,1961,60,3149,10,1,0,548768
62833743,2022,2,2004,18,5382,10,0,0,31526
62844786,2019,2,1945,74,4714,20,1,1,255190
62878896,2021,1,1959,62,5116,10,0,0,86676
62929835,2023,1,1964,59,3503,10,1,0,317452
62938202,2019,1,1956,63,2732,70,0,0,295600
62950113,2019,2,1971,48,3319,70,1,0,421303
62956071,2021,1,1942,79,2264,60,1,1,392975
62997103,2020,2,1965,55,1067,10,0,0,122622
63015653,2023,1,1997,26,3264,10,0,0,52196
63079988,2021,2,1942,79,5160,70,1,0,508568
63093591,2023,2,1947,76,4006,60,0,0,189655
63125232,2021,2,1982,39,3201,70,1,0,309171
63141867,2021,1,1967,54,5664,70,1,0,572954
63184814,2022,2,1951,71,3467,70,1,0,837289
63208607,2019,1,1933,86,3767,70,1,1,601673
63216896,2019,1,1992,27,4913,70,1,0,246043
63335494,2022,1,1978,44,4742,10,1,0,293015
63401513,2022,2,1979,43,2961,20,0,0,350951
63403192,2023,2,1959,64,5014,10,1,0,780758
63451905,2022,1,1977,45,2185,10,1,1,262472
63514193,2019,2,1939,80,1822,10,0,1,81062
63514193,2019,2,1939,80,1822,70,1,1,490497
63724965,2022,2,1993,29,4468,70,1,0,466380
63758711,2022,2,1999,23,2671,10,0,1,74282
63776052,2019,1,1976,43,2010,70,1,0,1061238
63776052,2023,1,1976,47,2010,70,1,0,864613
63833894,2023,1,1969,54,1790,10,1,0,543010
63930417,2019,1,1976,43,2442,10,1,0,254331
63976955,2021,1,1957,64,4803,70,0,1,218683
63984420,2022,2,1955,67,5043,20,1,0,567460
64017168,2022,1,1968,54,3603,10,0,0,236124
64017502,2021,1,1953,68,4202,10,0,1,112538
64053679,2021,1,1933,88,5155,70,1,0,584220
64060178,2022,2,1962,60,2554,10,1,0,741871
64101711,2022,2,1959,63,3914,20,1,0,362147
64114852,2021,2,1956,65,4407,70,1,1,647153
64184589,2023,1,1958,65,5294,70,1,0,679807
64230163,2019,1,1979,40,5635,70,1,0,340753
64236624,2019,1,1955,64,2089,10,0,1,86644
64283454,2019,2,1989,30,1887,20,1,0,164885
64303509,2022,1,1962,60,3037,10,0,0,119092
64319665,2022,2,1959,63,3066,10,1,0,265025
64322013,2019,2,1964,55,1475,20,0,1,91347
64339179,2021,2,1991,30,3996,60,1,0,223963
64371238,2019,1,1953,66,1545,10,0,1,168536
64395667,2022,1,1967,55,2636,20,1,0,350695
64454126,2021,2,1941,80,1778,10,0,0,132355
64472784,2021,2,1971,50,4304,70,1,0,940369
64493195,2019,1,1971,48,5118,70,0,0,279261
64511277,2022,1,1929,93,3745,60,0,0,181531
64572282,2020,1,1988,32,2393,60,1,0,677644
64606066,2019,2,1985,34,2864,10,0,1,60538
64608219,2023,2,1941,82,2029,60,1,0,616873
64640540,2019,1,1968,51,2857,10,1,0,488550
64662825,2021,1,1949,72,3952,10,1,1,455078
64693131,2021,1,1940,81,3314,60,1,1,658671
64702431,2022,1,1994,28,1528,60,0,0,52482
64713289,2019,1,1961,58,2134,70,1,0,945788
64738700,2019,2,1970,49,4218,20,1,0,823695
64772103,2023,1,1933,90,1486,20,1,0,527430
64884810,2022,1,1968,54,4508,10,1,1,197896
64938271,2023,1,1979,44,4388,70,1,0,766529
65040848,2023,2,1975,48,2761,10,0,0,128172
65103209,2021,2,1980,41,3832,70,1,0,400836
65157328,2021,2,1958,63,5539,70,1,1,833796
65185729,2022,2,1964,58,4533,10,0,0,257618
65305201,2019,2,1970,49,3711,70,1,0,610625
65347621,2022,2,1956,66,5108,10,1,0,488857
65421974,2019,2,1994,25,1017,60,1,0,198462
65445271,2022,2,1982,40,1927,10,1,0,178013
65482235,2021,1,1958,63,3251,70,0,1,296548
65508537,2021,2,1967,54,4276,70,1,0,454114
65588130,2020,1,2003,17,3903,60,1,0,169502
65690332,2022,2,1929,93,5218,10,0,1,122691
65697088,2019,1,1958,61,2622,70,1,0,599170
65702275,2023,2,1983,40,1825,70,1,0,333000
65715382,2022,1,1986,36,2802,70,1,0,639860
65792498,2019,2,1969,50,1356,10,1,0,405919
65857102,2023,2,1980,43,4454,10,0,0,107611
65861948,2023,2,1957,66,1346,10,0,0,195076
65865096,2023,1,1951,72,1237,70,1,0,1375736
65944284,2022,1,1980,42,5162,60,1,0,427334
65972822,2020,1,1979,41,4188,60,1,0,513736
66050115,2021,2,1974,47,1905,10,1,1,160806
66083443,2022,1,1962,60,1782,20,1,0,698946
66168003,2022,1,1990,32,1274,10,1,0,314250
66268315,2022,2,1983,39,3188,10,1,1,234510
66301867,2020,1,1968,52,1564,10,1,0,556133
66349640,2021,2,1975,46,4959,70,0,0,292925
66491283,2022,1,1993,29,5367,70,0,0,204505
66654420,2019,2,1989,30,2932,20,0,0,129772
66703295,2021,1,1966,55,1970,10,1,0,457299
66792340,2022,2,1937,85,4936,10,1,0,470080
66793532,2022,1,1979,43,1785,70,1,0,745292
66805712,2021,1,1970,51,5622,10,1,0,434081
66840917,2021,1,1939,82,4427,60,0,1,123349
66911893,2020,2,1942,78,2710,10,0,0,264375
66992817,2019,2,1991,28,1921,70,1,0,367544
67032718,2022,1,1954,68,5507,10,1,1,242806
67048683,2021,2,1927,94,3270,10,0,1,96821
67081659,2023,1,1985,38,1214,70,1,0,719076
67141232,2023,1,1949,74,3625,20,0,0,144006
67146441,2022,1,1960,62,4320,10,1,0,387122
67158352,2021,1,1953,68,4820,10,0,1,145468
67174002,2022,1,1991,31,1665,10,1,0,231476
67190522,2023,1,1991,32,5012,10,1,0,139329
67292601,2022,2,1940,82,5290,60,1,0,1104785
67309205,2019,1,1972,47,5292,60,1,0,710421
67361221,2023,2,1958,65,2211,10,0,0,131823
67393233,2023,1,1941,82,2301,70,1,1,963610
67412353,2021,1,2004,17,4932,60,1,0,358834
67492093,2021,1,1976,45,3630,70,1,0,763080
67519945,2023,2,1951,72,4589,60,1,1,439385
67593072,2022,2,1969,53,5692,70,1,0,387063
67652930,2020,2,1972,48,3348,10,1,0,460182
67701887,2021,2,1982,39,5149,10,1,0,422510
67726322,2022,1,1951,71,1301,10,0,0,324390
67726470,2022,2,1970,52,4102,10,1,0,235274
67856630,2020,1,1950,70,4024,10,0,1,106922
67874131,2023,2,1992,31,1422,70,1,0,705708
67919711,2021,1,1993,28,1171,70,1,1,270039
67935509,2019,1,1952,67,5392,20,1,0,558174
67967047,2022,1,1976,46,1320,70,1,0,1005989
67984460,2023,2,1926,97,1903,10,0,1,30963
67993142,2020,2,1979,41,3300,70,1,0,659987
68007578,2020,2,1981,39,2033,20,1,0,480014
68037703,2022,1,2009,13,2560,70,1,0,415385
68095454,2020,2,1969,51,2402,10,1,0,424608
68216771,2022,2,1932,90,4659,10,1,0,529665
68228456,2023,1,1995,28,5629,10,0,0,70081
68290638,2023,1,1997,26,4438,70,0,0,212149
68317827,2021,2,1965,56,2534,10,0,1,69644
68321692,2021,1,1939,82,1242,10,1,1,231531
68381641,2021,1,1958,63,1417,10,0,0,92409
68383929,2023,2,1951,72,2263,10,1,0,289707
68401256,2022,1,1979,43,5418,70,1,0,539257
68488678,2022,1,1989,33,1003,70,1,0,578853
68538331,2023,2,1927,96,1633,70,1,1,201509
68644720,2019,2,2004,15,4847,70,1,0,361873
68646405,2019,2,1958,61,3376,10,1,1,186418
68713379,2021,1,1986,35,1232,10,1,0,416945
68856520,2019,2,1969,50,2093,70,1,0,676468
68924353,2021,2,1968,53,1435,20,1,0,377341
68952341,2021,1,1981,40,3533,10,0,0,96161
68969287,2022,1,1989,33,3444,10,0,0,106137
69120179,2019,2,1962,57,5563,10,1,0,910648
69148076,2021,2,1962,59,1475,20,1,0,651448
69182631,2021,1,1981,40,1597,10,1,0,554072
69230733,2022,2,1989,33,4475,10,1,0,314647
69237492,2022,1,1958,64,5083,10,0,1,94694
69281777,2023,2,1961,62,3401,10,1,1,382509
69352788,2023,1,1966,57,3272,60,1,0,739754
69360454,2022,2,1950,72,5446,10,1,1,144707
69431443,2023,2,1968,55,2893,70,1,0,818458
69457648,2023,2,1935,88,2481,10,1,0,367089
69466398,2020,2,2004,16,1788,70,1,0,169467
69466398,2023,2,2004,19,1788,10,1,0,155588
69594863,2022,2,1966,56,2574,60,1,1,224097
69602909,2023,2,1973,50,3113,10,0,1,61902
69681822,2021,2,1966,55,3351,20,0,0,59903
69697090,2020,2,1968,52,2883,10,1,0,350201
69701616,2019,1,1965,54,2112,70,1,0,1530324
69702410,2021,1,1935,86,1640,60,1,1,301399
69768229,2021,1,1972,49,5593,70,1,0,1110981
69862186,2019,2,1962,57,4182,60,1,0,1000678
69890683,2021,2,1976,45,3525,60,1,0,388693
69910310,2019,2,1958,61,3817,70,1,1,320292
69932968,2021,2,1976,45,5447,20,1,1,337985
69932968,2023,2,1976,47,5447,10,1,0,272004
69984904,2023,2,1944,79,3885,70,0,0,275458
70064801,2019,2,1952,67,4869,10,0,1,88367
70064801,2020,2,1952,68,4869,70,1,0,792352
70184293,2021,2,1959,62,2233,10,1,0,417620
70212109,2023,2,1986,37,3012,20,1,0,298173
70250633,2019,1,1969,50,2807,10,1,0,344454
70250633,2019,1,1969,50,2807,10,1,0,366844
70357837,2021,2,1965,56,1487,10,1,0,260778
70815981,2022,2,1942,80,1862,10,1,0,544923
70940473,2020,2,1967,53,1046,10,1,0,414555
70979886,2023,1,1955,68,2615,70,1,0,1061114
71046124,2023,1,1951,72,3763,60,1,0,567108
71050963,2023,2,1943,80,1006,10,1,0,184377
71106778,2021,1,1979,42,4719,10,1,0,391985
71146866,2022,2,1970,52,4474,20,0,0,328559
71180888,2020,1,1959,61,5343,20,1,0,390882
71225531,2019,1,1961,58,2622,10,1,0,814897
71262245,2020,2,1966,54,1038,10,1,0,327212
71269153,2023,2,1941,82,3542,10,1,1,249561
71606671,2022,2,1997,25,4173,10,1,0,236013
71614375,2021,1,1989,32,1118,70,1,0,364648
71619851,2022,2,1973,49,4923,10,0,0,109061
71675945,2021,2,1995,26,2430,10,1,0,258471
71765336,2020,2,1952,68,2095,10,1,0,301464
71809180,2021,1,1954,67,1267,10,0,0,163192
71809180,2023,1,1954,69,1267,70,1,0,884019
71832312,2019,1,1981,38,4992,60,1,0,528800
71881298,2021,1,2009,12,1852,10,0,0,82435
71894761,2023,2,1963,60,5355,70,1,0,789000
72061872,2023,2,1958,65,2379,10,1,0,200788
72291621,2021,1,1983,38,5082,70,1,0,839577
72395236,2022,1,1968,54,2150,10,1,0,275216
72606546,2019,2,1959,60,1164,70,1,1,334962
72621620,2023,1,1975,48,5398,70,0,0,381296
72708061,2022,1,1966,56,1253,10,1,0,329615
72823551,2022,2,1974,48,5692,10,1,0,309914
72991408,2021,2,1979,42,1996,10,0,0,126200
72994946,2021,2,1982,39,3358,10,1,0,203350
72994946,2023,2,1982,41,3358,60,1,0,576779
73209614,2021,2,2000,21,1241,10,1,0,114297
73238775,2020,1,1973,47,2344,70,1,0,587883
73425346,2023,2,1975,48,2645,70,1,0,342674
73474896,2020,1,1980,40,3739,70,1,0,619052
73578189,2021,1,1968,53,2562,10,1,1,297602
73605752,2019,2,1945,74,1556,20,1,1,294762
73617266,2021,2,1983,38,5671,60,1,0,573013
73650474,2019,2,1984,35,2853,10,1,0,204159
73683441,2021,1,1939,82,4665,10,0,1,110126
73715719,2020,1,1961,59,4804,10,1,0,296299
73741762,2019,1,1951,68,5040,10,0,0,246381
73922634,2020,2,1976,44,3030,20,1,0,260416
74052184,2020,2,1974,46,2069,70,1,0,632107
74127292,2023,2,1987,36,5627,20,1,1,204433
74192895,2022,1,1975,47,1067,10,1,0,320585
74326280,2021,2,1946,75,2020,70,1,0,1639744
74326280,2021,2,1946,75,2020,10,1,0,447431
74412573,2022,1,1977,45,4489,10,0,0,74293
74461611,2021,2,1941,80,4973,20,0,0,191389
74511276,2021,2,1953,68,1266,60,1,0,984095
74591553,2020,2,1935,85,5444,10,0,0,198116
74603988,2021,1,1956,65,2031,10,0,0,67349
74840613,2022,1,1966,56,4647,10,1,0,509220
75062920,2021,2,1992,29,1580,70,1,0,704147
75156412,2021,2,1984,37,4896,10,1,0,333241
75282168,2022,2,1962,60,5409,20,1,0,416754
75458725,2020,1,1938,82,3456,10,0,1,88615
76170585,2020,2,2005,15,1875,70,0,0,127216
76255661,2020,2,1986,34,2474,10,1,0,145766
76297069,2022,2,1999,23,2442,70,0,0,147715
76331991,2022,2,1978,44,1731,10,1,1,292614
76339931,2019,2,1971,48,2404,10,1,0,285235
76366298,2019,2,1965,54,1457,60,1,1,301716
76475816,2021,1,1981,40,5206,70,1,1,238034
76567321,2022,1,2007,15,4124,60,0,0,94381
76571401,2020,1,1989,31,3371,70,1,0,687464
76576696,2022,1,1955,67,1399,70,1,1,446111
76842110,2023,2,1978,45,5242,70,1,0,922648
76855748,2019,2,1971,48,1703,20,1,0,232269
77243086,2023,1,1988,35,1995,10,1,0,328233
77411569,2022,2,1932,90,2251,70,1,1,229330
77555040,2022,2,1964,58,1799,10,1,1,316934
77616195,2022,2,1994,28,5055,10,1,0,150212
77647489,2021,1,1942,79,2539,10,1,0,313224
77947256,2020,2,1969,51,5688,20,1,1,418005
78266594,2019,2,1978,41,2415,70,1,0,418434
78316291,2021,1,1963,58,4472,10,1,1,202094
78331519,2023,1,1944,79,2488,10,1,0,420714
78433197,2020,1,1958,62,2549,10,0,0,100891
78436360,2021,1,1989,32,2994,70,1,0,868142
78449346,2019,1,1981,38,1599,10,1,0,308669
78496566,2019,2,1945,74,5537,20,1,0,472478
78715778,2021,2,1981,40,1178,10,1,0,251435
78783036,2019,1,2006,13,1642,20,1,0,231939
78843156,2023,2,1978,45,1991,70,1,0,758443
78847910,2023,1,1971,52,3604,70,1,0,519912
78887926,2022,1,1964,58,3262,20,1,0,335118
79012479,2021,2,1977,44,4356,10,1,0,516083
79018113,2023,2,1935,88,4153,70,1,0,521420
79180420,2023,2,1976,47,4394,70,1,0,363213
79206641,2022,2,1991,31,1164,10,1,1,134257
79392401,2019,2,1991,28,4247,10,0,1,59489
79458578,2019,2,1961,58,1673,10,1,0,327166
79697140,2020,1,1928,92,2643,70,1,0,580183
79698026,2023,1,1945,78,2117,10,1,1,335408
79786910,2021,2,1966,55,4307,10,1,1,232758
79944706,2021,1,1963,58,1947,10,1,1,202939
80249723,2021,2,1946,75,2246,10,1,1,265241
80266353,2021,1,1952,69,5236,60,1,0,805468
80266353,2021,1,1952,69,5236,10,1,1,334485
80266353,2023,1,1952,71,5236,70,1,0,882090
80470466,2020,2,1975,45,4675,70,1,0,681086
80491447,2019,1,1980,39,1102,70,0,0,361359
80522503,2022,1,1988,34,5210,20,1,0,553208
80526634,2022,2,1968,54,4587,10,0,0,146608
80693236,2019,2,1982,37,1675,70,1,0,430913
80906489,2023,2,1973,50,2895,70,1,0,721474
81125374,2020,2,1998,22,1021,10,1,0,228251
81125374,2022,2,1998,24,1021,20,0,0,82453
81169549,2021,1,1969,52,1191,20,0,0,210788
81218817,2021,2,2005,16,5401,10,1,0,96879
81218817,2022,2,2005,17,5401,20,0,0,59532
81443094,2022,1,1968,54,3064,10,0,1,136404
81577702,2023,1,1955,68,1765,10,0,0,145465
81738579,2019,1,1943,76,2029,10,1,1,283202
81756483,2023,2,1949,74,3134,10,0,1,60565
81758976,2023,1,2004,19,1531,70,1,0,275088
81781132,2021,2,1985,36,1907,70,1,0,243187
81803090,2023,1,1988,35,5188,20,1,0,470559
81865485,2023,2,1972,51,1498,70,1,0,627697
81922720,2019,2,2005,14,4522,70,1,0,394550
82208263,2022,1,1940,82,2385,10,1,1,216281
82219480,2020,1,1960,60,5190,70,1,0,986848
82219480,2022,1,1960,62,5190,10,0,0,96202
82314887,2022,2,1970,52,1025,60,0,0,279776
82314887,2022,2,1970,52,1025,70,1,0,1390282
82487362,2019,2,1987,32,1690,20,1,0,209274
82686916,2020,2,1975,45,2835,70,1,0,706176
82686916,2020,2,1975,45,2835,10,1,0,273018
82689760,2020,2,1957,63,5273,10,0,0,235373
82789611,2021,2,1990,31,1936,70,1,0,767945
83054167,2019,2,1952,67,1766,70,1,0,939123
83255990,2023,2,1967,56,2917,10,1,0,454024
83276659,2021,1,1957,64,3040,20,0,0,360859
83383485,2022,2,1944,78,4304,10,1,1,411853
83490049,2020,1,1954,66,3499,20,0,1,179621
83502646,2023,1,1975,48,3857,10,0,1,110547
83539258,2023,1,1966,57,1526,10,1,0,247295
83725933,2022,1,1947,75,3172,10,0,0,224252
83797668,2020,2,1959,61,5549,10,0,1,51921
83849117,2023,2,1956,67,2470,20,1,1,215244
83864144,2022,1,1960,62,4597,10,1,0,501272
83907313,2019,1,1975,44,4731,20,0,0,117943
83935043,2019,1,2004,15,2246,70,1,0,565926
83972661,2023,2,1978,45,1289,20,1,0,612209
83977991,2019,2,1955,64,3597,70,1,0,653621
83977991,2019,2,1955,64,3597,70,1,0,693827
83995927,2019,1,1973,46,2636,10,1,0,372122
84005225,2020,2,1975,45,3131,10,1,0,360535
84125758,2020,1,1959,61,3027,70,1,0,2004791
84229089,2019,1,2001,18,1814,60,1,0,178025
84236338,2023,2,1975,48,2915,70,1,0,525553
84344800,2020,2,1953,67,3800,70,1,0,680380
84369995,2021,2,1955,66,3980,70,1,0,572485
84392726,2022,1,1946,76,1259,70,1,1,342904
84452732,2019,2,1956,63,3160,10,0,1,64195
84452732,2019,2,1956,63,3160,70,1,0,902954
84485141,2019,2,1979,40,3256,10,1,0,292692
84539295,2022,1,1979,43,4940,10,1,0,435272
84653692,2020,1,1979,41,2906,10,1,0,469002
84745503,2020,2,1965,55,5395,10,1,0,491231
84745503,2021,2,1965,56,5395,10,1,1,218402
84786032,2022,1,1975,47,2821,10,1,0,299409
84827462,2021,2,1942,79,3294,10,0,1,80238
84840944,2023,2,1963,60,4189,10,1,0,303956
84937596,2020,1,1975,45,2324,70,1,0,650382
84937596,2023,1,1975,48,2324,70,1,0,561630
84951785,2023,1,1927,96,4004,10,0,0,85934
85039588,2019,2,1940,79,1074,60,0,0,254178
85039588,2022,2,1940,82,1074,70,1,0,534738
85102428,2021,1,1931,90,1209,70,1,0,586109
85175800,2023,2,1979,44,4896,60,1,0,633233
85198590,2020,2,1970,50,2194,10,1,0,485635
85284817,2021,1,1952,69,2416,10,1,0,534288
85404434,2020,1,1965,55,3743,10,1,0,357407
85468503,2022,1,1986,36,1221,20,1,0,321831
85502229,2021,1,1951,70,1920,70,1,1,892368
85653484,2020,1,1998,22,2619,70,1,0,507729
85678088,2019,2,1955,64,2298,70,1,1,502049
85723895,2021,1,1953,68,4701,70,1,0,402662
85889261,2021,2,1983,38,1557,70,1,0,407410
85927572,2020,2,1960,60,2355,10,1,1,177814
85927572,2022,2,1960,62,2355,10,1,0,470054
85927572,2023,2,1960,63,2355,10,1,1,221507
86177028,2021,1,1968,53,3603,10,1,0,776224
86227506,2021,1,1983,38,3228,10,0,0,80553
86231027,2023,1,1926,97,4529,10,1,0,309515
86236887,2019,1,1963,56,3258,10,1,0,349316
86253493,2019,1,1988,31,5593,10,0,0,145291
86443756,2020,1,1953,67,4187,20,1,0,406311
86706270,2021,1,1961,60,2880,20,1,0,401582
86843605,2020,2,1974,46,4445,10,1,0,434289
86844999,2023,1,1934,89,5321,20,0,0,91003
86918187,2019,2,2006,13,2013,70,1,0,182640
86944511,2023,1,1972,51,4972,60,1,0,935810
86974661,2019,1,1971,48,1696,10,1,0,326312
87056744,2023,2,1980,43,5046,10,1,0,389311
87084113,2023,1,1971,52,1619,10,1,0,217577
87230990,2023,1,1979,44,4111,10,1,1,132630
87342837,2023,1,1967,56,2801,20,1,0,376155
87448273,2020,2,1952,68,5220,60,1,0,428064
87457566,2023,2,1971,52,3349,60,1,0,301530
87460745,2019,2,1980,39,4319,10,0,0,70999
87559087,2019,2,1975,44,3817,60,1,0,676399
87559087,2020,2,1975,45,3817,70,0,0,233899
87559087,2022,2,1975,47,3817,20,1,0,739801
87581048,2023,2,1968,55,4344,70,1,0,900620
87615011,2022,2,1998,24,2733,70,1,0,505434
87706464,2021,1,1956,65,4534,70,1,1,322480
87951141,2020,1,1968,52,2484,10,1,0,367105
88044921,2019,2,1958,61,4533,10,0,0,122267
88069643,2019,2,1937,82,4329,10,1,0,362557
88398156,2022,1,1963,59,2191,70,1,0,951667
88416596,2022,2,1971,51,1528,20,1,1,174267
88569239,2021,2,1979,42,1154,10,0,0,139573
88679151,2019,1,1979,40,3537,70,1,0,469715
88733203,2022,2,1945,77,1705,70,1,0,540652
88777572,2022,1,1960,62,5372,60,1,0,777038
88958607,2019,1,1963,56,5162,70,1,0,481995
89034731,2019,2,1983,36,2419,70,1,0,487204
89085281,2019,2,1973,46,5302,70,1,0,441103
89220931,2019,1,2009,10,2764,70,1,0,183389
89228445,2023,1,1976,47,3036,70,1,0,607777
89306006,2019,2,1998,21,4799,70,1,0,396470
89317840,2023,1,1963,60,3815,70,1,0,950880
89317840,2023,1,1963,60,3815,10,0,0,141755
89443392,2020,2,1978,42,3342,70,1,0,985346
89443392,2023,2,1978,45,3342,10,1,1,87374
89524422,2022,1,1946,76,1289,20,1,0,355272
89562030,2023,1,1967,56,4986,10,1,0,489963
89893161,2023,1,1992,31,2988,10,0,1,157946
89950985,2022,2,1978,44,1246,70,0,0,221309
